Company,Load Balancing Method,Users,Servers,Avg Latency (ms),Requests per Second (RPS),Peak RPS,Error Rate (%),Throughput (Gbps),Daily Active Users (DAU),Monthly Active Users (MAU),Avg Session Time (min),Cloud Provider,Failover Mechanism
Google,Consistent Hashing,2336741200,7462,267.58,1469968,6674189.24,2.09,137.21,836709754,2101697056,6.03,Own Data Centers,Active-Passive
Apple,Latency-Based,977272515,15595,227.01,4360474,16012717.14,0.88,16.2,332197526,952087989,33.07,GCP,No Failover
Microsoft,Least Connections,2871416315,75020,139.58,343433,1285326.85,0.5,443.51,49583233,2403018554,53.06,AWS,Active-Active
Amazon,Consistent Hashing,1151124984,31010,107.32,807027,2413175.19,4.92,326.84,75834204,1046923971,29.6,Hybrid,No Failover
Facebook,IP Hash,298711002,90368,208.9,1583755,5932058.66,1.85,322.46,133029942,146836781,56.79,Own Data Centers,Active-Active
Netflix,GeoDNS,2354700447,16545,73.93,890311,3042604.22,1.56,462.86,612363882,2182049411,9.91,Hybrid,Active-Active
YouTube,Random Load Balancing,2768404170,97895,279.44,2278405,6733726.71,0.53,130.12,1159538419,1342071835,12.33,Own Data Centers,No Failover
TikTok,Least Connections,1862077168,12903,196.48,2268162,6030389.42,2.42,371.7,293336786,369875364,53.21,Azure,No Failover
Twitter,Least Connections,2143766750,68475,105.63,382829,1045699.84,2.88,52.63,172616510,941840633,33.58,GCP,Active-Passive
LinkedIn,Dynamic Load Balancing,2997840341,79355,175.85,3476887,8327722.71,4.22,100.44,127405165,1995268745,48.89,Hybrid,Active-Passive
Samsung,Consistent Hashing,859427829,76829,71.26,351075,597558.24,1.51,96.77,306104144,611564660,24.78,GCP,Active-Passive
Intel,AI-Driven Load Balancing,995903675,80690,264.69,1638102,5083895.03,2.62,410.94,97988710,613047649,56.12,Hybrid,No Failover
IBM,IP Hash,295108266,51149,129.96,3802218,14826755.56,0.1,371.76,123398117,141956183,42.47,Hybrid,Active-Active
Oracle,Dynamic Load Balancing,666294168,98797,110.17,3339465,14135349.76,1.95,479.52,210319737,659186239,56.14,Hybrid,No Failover
Tesla,Dynamic Load Balancing,1883746250,56408,210.63,37802,158267.22,1.91,216.45,494776747,1612864139,59.46,GCP,Active-Active
Nvidia,IP Hash,1111781002,69431,233.89,4182499,7261778.01,3.15,395.73,295984613,1098590601,49.66,GCP,Active-Passive
Cisco,Least Connections,1309729620,99472,216.5,433601,1976373.15,1.89,435.63,518487769,969925218,27.69,Own Data Centers,Active-Passive
Adobe,Consistent Hashing,118183524,78693,294.54,1217630,3895973.5,1.22,167.84,34841685,51980764,31.57,GCP,No Failover
Salesforce,Dynamic Load Balancing,192860289,2174,254.19,2368093,3774118.71,0.43,51.2,3416353,71164984,26.72,Hybrid,Active-Passive
Uber,IP Hash,2055880106,15027,35.64,4012043,17675792.44,3.95,250.24,234205497,1424915434,29.33,Own Data Centers,Active-Passive
Airbnb,IP Hash,68464552,1340,175.61,3750950,16228750.25,1.32,312.59,23328003,64959199,18.68,Azure,No Failover
Spotify,Least Connections,2791307765,96774,22.14,388760,1844754.03,0.65,96.93,804301990,1009242395,33.47,Azure,No Failover
Snapchat,IP Hash,2264382111,53874,149.21,1541915,2529604.63,0.14,63.52,503425490,933920521,11.99,AWS,Active-Active
PayPal,Latency-Based,2309295631,89787,104.84,852949,3200017.47,0.96,450.68,988960921,2195807994,55.6,GCP,Active-Passive
eBay,Consistent Hashing,864900382,87475,134.96,4145550,19900815.21,2.31,295.2,397313282,801702852,8.75,Own Data Centers,No Failover
Alibaba,Random Load Balancing,1280640554,36610,24.17,2729373,11273243.71,0.04,59.88,629806899,693554301,54.13,AWS,Active-Passive
Tencent,Consistent Hashing,406619942,11855,290.46,1845745,7697519.59,2.06,442.92,73534452,258275905,32.55,Hybrid,Active-Passive
Baidu,Latency-Based,1833900920,2786,184.12,1767586,5795560.7,0.5,392.97,613100279,1182407618,14.55,AWS,Active-Passive
Zoom,Latency-Based,1673659041,15813,113.12,2078538,3199330.11,4.52,112.12,548362156,1318746364,22.68,Azure,Active-Passive
Shopify,GeoDNS,1792459814,32618,50.07,3095910,13260417.43,3.82,287.83,752584669,1680372384,59.01,GCP,Active-Passive
Dell,Weighted Round Robin,2582070873,26817,229.86,4139570,18214558.35,2.78,56.7,871366615,1593093431,22.5,Hybrid,Active-Active
HP,Random Load Balancing,2369983817,63898,147.95,4046695,14557717.05,3.88,344.96,295923982,1318135616,43.69,AWS,No Failover
Sony,Weighted Round Robin,528759931,62315,281.54,2363648,9070030.04,1.54,494.29,204415321,241682807,8.75,AWS,No Failover
LG,Round Robin,2579080829,75794,77.31,714004,3332062.27,2.35,388.61,911846225,1925003112,22.08,Hybrid,Active-Active
AMD,Random Load Balancing,1945055809,31146,157.66,1109869,2151910.89,3.64,54.68,230533575,1476017207,35.97,Own Data Centers,Active-Passive
Qualcomm,Latency-Based,324008437,15790,74.98,3347735,5540570.37,3.62,176.91,108703672,246635847,41.43,Own Data Centers,Active-Active
Dropbox,IP Hash,2506768518,5821,58.2,704191,2420846.88,3.04,300.07,210602672,2094260691,16.01,Own Data Centers,No Failover
Reddit,AI-Driven Load Balancing,976488663,27082,181.32,4080745,13391309.05,0.73,235.19,62655934,225581430,54.77,GCP,Active-Passive
Pinterest,AI-Driven Load Balancing,2802068852,9357,23.3,1936115,6210404.43,0.73,265.32,897270837,2165947594,38.41,Azure,No Failover
WeChat,Dynamic Load Balancing,1068550466,40227,26.09,4765297,10236337.06,0.65,370.05,62458219,399639139,42.26,GCP,Active-Active
Slack,AI-Driven Load Balancing,2101208734,85902,85.56,4148438,13193582.95,0.42,347.26,793146485,1157269973,24.94,GCP,No Failover
GitHub,Round Robin,1237979905,50896,246.3,676546,2069054.52,3.93,445.3,49502264,510752956,14.54,Own Data Centers,Active-Active
Cloudflare,Latency-Based,151777830,66020,25.67,1389423,2790841.29,4.48,150.07,75856405,87649035,27.99,AWS,No Failover
Akamai,Latency-Based,1218494824,60419,278.32,3613921,12661902.08,1.97,386.11,604631081,742647816,56.14,GCP,No Failover
Fastly,AI-Driven Load Balancing,933513391,51260,230.08,237383,875796.74,4.15,265.54,73677046,545335833,30.08,GCP,No Failover
Twitch,AI-Driven Load Balancing,1220721266,66531,55.48,1805949,4474329.26,3.44,98.65,444237820,571912907,59.67,Azure,No Failover
Discord,Weighted Round Robin,2412413623,78082,168.43,4692163,18824654.2,1.51,59.59,393110087,2184695545,9.21,GCP,No Failover
Stripe,GeoDNS,212802855,82290,162.84,2799529,13785471.49,3.38,109.67,8936379,209253084,46.25,Hybrid,Active-Passive
Square,IP Hash,554296716,46459,81.18,507440,1269747.71,2.83,129.39,23420059,502585496,50.21,Hybrid,No Failover
Robinhood,Consistent Hashing,442642428,75670,221.92,3628622,17400142.42,1.37,315.43,58349815,229772152,49.06,Azure,Active-Active
Coinbase,GeoDNS,2203306309,19977,201.63,2716399,4273611.92,3.15,229.13,157497103,608310539,35.04,Own Data Centers,Active-Passive
DoorDash,IP Hash,1154428526,67078,174.62,2761902,6784480.73,1.36,149.07,347806183,902447415,42.18,Azure,Active-Passive
Instacart,Round Robin,1532237335,71724,32.53,1396184,5335128.93,3.06,10.3,33029995,584568098,38.2,Hybrid,Active-Passive
Lyft,Round Robin,695559762,52472,290.55,2401426,4253427.55,2.03,41.66,44188039,539897689,37.75,AWS,Active-Active
Wayfair,AI-Driven Load Balancing,2008082416,20773,34.29,1388825,3690079.35,1.23,197.92,257598865,1306371766,35.7,Azure,No Failover
Etsy,Dynamic Load Balancing,209225810,26476,187.07,1901994,7641039.14,2.54,11.64,46258342,69768878,39.02,GCP,Active-Active
Palantir,Random Load Balancing,2113508347,15140,267.68,539453,2313983.94,4.53,14.6,495879109,1716508875,16.43,Azure,No Failover
SpaceX,Least Connections,1689145196,57985,46.58,4174150,8707486.39,3.66,408.14,650420718,939755402,58.25,Own Data Centers,No Failover
Blue Origin,Dynamic Load Balancing,2963181124,64134,238.49,4332948,9489665.96,2.75,154.86,148698161,2135449956,48.12,AWS,Active-Passive
OpenAI,AI-Driven Load Balancing,1765540411,31203,222.31,1493184,6766187.78,4.29,191.98,558127255,1468680407,20.81,Azure,Active-Active
Bing,IP Hash,143629921,76924,95.44,647430,2596440.51,3.67,212.67,19827896,27758943,26.61,Azure,Active-Active
DuckDuckGo,IP Hash,2416658063,52781,175.11,4748053,16784307.18,2.04,251.97,653483402,727047311,29.43,Azure,Active-Active
Yandex,Weighted Round Robin,952313767,56040,86.97,3703023,7207014.54,2.98,153.47,281346312,508077346,48.79,Azure,No Failover
Yahoo,Consistent Hashing,373713227,97762,107.16,1154798,3830471.77,2.89,76.8,173448200,235559606,54.83,GCP,No Failover
Xiaomi,Round Robin,2378275089,47852,74.77,2958645,6978438.81,1.92,453.67,98274458,767972760,35.26,Hybrid,Active-Passive
Huawei,Round Robin,1257870809,68118,162.79,661158,1015891.26,4.89,432.23,194875599,467974851,58.33,Hybrid,Active-Passive
ZoomInfo,AI-Driven Load Balancing,2422140002,39169,127.63,1204109,4218398.97,2.95,362.1,921422625,1805646729,30.74,Hybrid,No Failover
SAP,Least Connections,1724894181,90354,83.23,4483905,8274523.34,4.65,9.47,141221457,1301662581,7.24,Hybrid,Active-Passive
Figma,Round Robin,2610858810,60889,219.92,4349721,7342412.65,2.7,402.66,1284364056,1313565066,52.55,GCP,Active-Active
Notion,GeoDNS,882070441,72018,256.06,3827070,18848051.07,2.79,305.26,438647715,842368653,18.63,Own Data Centers,No Failover
Atlassian,Latency-Based,2693640220,50043,254.24,1491981,6010500.66,1.32,307.19,868578756,1946745515,9.15,Own Data Centers,Active-Active
Asana,Consistent Hashing,233646141,94371,81.2,4975119,11902924.8,1.13,370.72,52951718,202937127,45.69,AWS,Active-Passive
Basecamp,Consistent Hashing,880081176,48127,133.54,4239027,13407844.56,0.4,293.37,258674965,734094570,20.28,AWS,Active-Passive
Bitbucket,Consistent Hashing,2621565321,42222,23.5,1003391,2561235.71,3.24,155.52,954034442,1002127639,33.18,Azure,Active-Passive
GitLab,Least Connections,2419025733,89466,272.58,11992,26680.25,0.67,405.16,455020132,919921893,23.12,Azure,Active-Active
DigitalOcean,IP Hash,2805475345,78826,96.72,1002232,3052474.42,0.7,381.1,360960356,2172107215,52.96,Hybrid,Active-Passive
Vimeo,Latency-Based,1092035386,52606,278.64,2879240,5071831.52,4.05,433.03,295826328,1075752183,15.15,GCP,No Failover
Hulu,Least Connections,2560235386,89142,62.58,1170152,3997259.39,4.35,103.41,126093582,543323452,5.76,Azure,Active-Active
Paramount+,Latency-Based,1054725679,38570,27.48,4315526,17096944.7,4.1,142.62,4235731,299363320,48.41,GCP,Active-Active
Disney+,Latency-Based,1077562059,25251,196.4,335332,1199011.88,2.55,180.2,444265819,561367137,55.1,GCP,Active-Active
HBO Max,Dynamic Load Balancing,729314432,60471,258.16,3564827,7777965.63,3.1,17.07,146946378,681457712,56.28,Hybrid,No Failover
Peacock,Round Robin,383575777,554,138.5,4667289,10148937.71,1.91,367.0,56988108,311137905,57.82,Own Data Centers,Active-Active
Discovery+,Weighted Round Robin,1346321512,65478,276.44,2294128,8607230.43,4.07,364.13,334379823,685878921,26.18,Own Data Centers,Active-Active
BBC iPlayer,IP Hash,2902046959,5517,151.51,2681898,12977773.48,2.35,492.3,1038547611,1242416119,10.51,Azure,No Failover
Apple TV+,Dynamic Load Balancing,2868128414,39471,157.02,1213113,5168657.04,0.64,182.46,416142682,2102837365,29.37,Own Data Centers,Active-Passive
Amazon Prime Video,Least Connections,2497721775,88555,185.61,3495123,9913839.8,3.66,24.97,720986888,1901352148,50.87,AWS,Active-Passive
Roku,AI-Driven Load Balancing,1776030869,91134,225.66,2619494,4693409.92,0.49,304.77,639985710,1205725589,22.33,Own Data Centers,No Failover
SoundCloud,Random Load Balancing,2509871280,27668,196.24,4661547,21718207.16,2.63,163.78,378557213,1530733602,26.07,GCP,Active-Passive
Deezer,GeoDNS,1039598974,40017,241.93,2094094,4606516.63,4.98,265.17,279352708,355477502,40.4,GCP,Active-Passive
Pandora,Random Load Balancing,2521170652,64599,139.93,4125595,7278642.5,4.02,30.92,258477274,1769179599,7.01,AWS,Active-Passive
Telegram,Latency-Based,694898947,85874,224.15,4057968,18750227.84,2.23,471.83,138187381,254799268,30.32,Own Data Centers,No Failover
Signal,Least Connections,1758575886,72776,100.92,1163424,2045460.89,0.88,100.7,474823892,961770672,9.05,Own Data Centers,Active-Active
WhatsApp,Round Robin,1680638659,12580,98.69,2884495,8558186.74,0.24,451.33,659161299,1324053195,35.41,Azure,No Failover
Viber,Least Connections,1618674669,84988,111.47,3916262,16539527.8,1.84,33.36,512276754,1308514155,38.72,Own Data Centers,Active-Active
Line,Consistent Hashing,1508996476,83221,257.64,3286908,14994924.13,3.32,122.45,352676546,898490185,48.88,Azure,Active-Passive
Weibo,Least Connections,2312354417,81676,32.62,4550816,16775584.91,2.96,93.63,589306202,2035254370,12.72,AWS,Active-Passive
VK,Consistent Hashing,1554660154,81749,115.33,2402529,6557568.34,2.74,190.32,667429494,785033858,50.43,GCP,Active-Active
Oculus,AI-Driven Load Balancing,179980632,30614,16.58,2116091,6489899.45,1.17,34.48,23600515,153458296,11.56,AWS,Active-Passive
HTC Vive,Random Load Balancing,1734613872,72877,39.36,1335881,4972887.32,1.15,77.93,142461526,720087932,6.4,Azure,Active-Passive
Magic Leap,GeoDNS,2851329620,70602,77.47,2149987,6227064.76,0.68,420.75,630114190,1059610996,32.99,Azure,Active-Passive
